,index,book_title,book_url,author_name,author_url,country_name,country_url
0,1,الثلاثية,/wiki/%D8%A7%D9%84%D8%AB%D9%84%D8%A7%D8%AB%D9%8A%D8%A9_(%D9%86%D8%AC%D9%8A%D8%A8_%D9%85%D8%AD%D9%81%D9%88%D8%B8),نجيب محفوظ,/wiki/%D9%86%D8%AC%D9%8A%D8%A8_%D9%85%D8%AD%D9%81%D9%88%D8%B8,مصر,//upload.wikimedia.org/wikipedia/commons/thumb/f/fe/Flag_of_Egypt.svg/23px-Flag_of_Egypt.svg.png
1,2,البحث عن وليد مسعود,/wiki/%D8%A7%D9%84%D8%A8%D8%AD%D8%AB_%D8%B9%D9%86_%D9%88%D9%84%D9%8A%D8%AF_%D9%85%D8%B3%D8%B9%D9%88%D8%AF_(%D8%B1%D9%88%D8%A7%D9%8A%D8%A9),جبرا إبراهيم جبرا,/wiki/%D8%AC%D8%A8%D8%B1%D8%A7_%D8%A5%D8%A8%D8%B1%D8%A7%D9%87%D9%8A%D9%85_%D8%AC%D8%A8%D8%B1%D8%A7,فلسطين,//upload.wikimedia.org/wikipedia/commons/thumb/0/00/Flag_of_Palestine.svg/23px-Flag_of_Palestine.svg.png
2,3,شرف,/wiki/%D8%B4%D8%B1%D9%81_(%D8%B1%D9%88%D8%A7%D9%8A%D8%A9),صنع الله إبراهيم,/wiki/%D8%B5%D9%86%D8%B9_%D8%A7%D9%84%D9%84%D9%87_%D8%A5%D8%A8%D8%B1%D8%A7%D9%87%D9%8A%D9%85,مصر,//upload.wikimedia.org/wikipedia/commons/thumb/f/fe/Flag_of_Egypt.svg/23px-Flag_of_Egypt.svg.png
3,4,الحرب في بر مصر,/wiki/%D8%A7%D9%84%D8%AD%D8%B1%D8%A8_%D9%81%D9%8A_%D8%A8%D8%B1_%D9%85%D8%B5%D8%B1,يوسف القعيد,/wiki/%D9%8A%D9%88%D8%B3%D9%81_%D8%A7%D9%84%D9%82%D8%B9%D9%8A%D8%AF,مصر,//upload.wikimedia.org/wikipedia/commons/thumb/f/fe/Flag_of_Egypt.svg/23px-Flag_of_Egypt.svg.png
4,5,رجال في الشمس,/wiki/%D8%B1%D8%AC%D8%A7%D9%84_%D9%81%D9%8A_%D8%A7%D9%84%D8%B4%D9%85%D8%B3_(%D8%B1%D9%88%D8%A7%D9%8A%D8%A9),غسان كنفاني,/wiki/%D8%BA%D8%B3%D8%A7%D9%86_%D9%83%D9%86%D9%81%D8%A7%D9%86%D9%8A,فلسطين,//upload.wikimedia.org/wikipedia/commons/thumb/0/00/Flag_of_Palestine.svg/23px-Flag_of_Palestine.svg.png
5,6,الوقائع الغريبة في اختفاء سعيد ابي النحس المتشائل,/wiki/%D8%A7%D9%84%D9%88%D9%82%D8%A7%D8%A6%D8%B9_%D8%A7%D9%84%D8%BA%D8%B1%D9%8A%D8%A8%D8%A9_%D9%81%D9%8A_%D8%A7%D8%AE%D8%AA%D9%81%D8%A7%D8%A1_%D8%B3%D8%B9%D9%8A%D8%AF_%D8%A3%D8%A8%D9%8A_%D8%A7%D9%84%D9%86%D8%AD%D8%B3_%D8%A7%D9%84%D9%85%D8%AA%D8%B4%D8%A7%D8%A6%D9%84,إميل حبيبي,/wiki/%D8%A5%D9%85%D9%8A%D9%84_%D8%AD%D8%A8%D9%8A%D8%A8%D9%8A,فلسطين,//upload.wikimedia.org/wikipedia/commons/thumb/0/00/Flag_of_Palestine.svg/23px-Flag_of_Palestine.svg.png
6,7,الزمن الموحش,/wiki/%D8%A7%D9%84%D8%B2%D9%85%D9%86_%D8%A7%D9%84%D9%85%D9%88%D8%AD%D8%B4,حيدر حيدر,/wiki/%D8%AD%D9%8A%D8%AF%D8%B1_%D8%AD%D9%8A%D8%AF%D8%B1,سوريا,//upload.wikimedia.org/wikipedia/commons/thumb/5/53/Flag_of_Syria.svg/23px-Flag_of_Syria.svg.png
7,8,رامة والتنين,/wiki/%D8%B1%D8%A7%D9%85%D8%A9_%D9%88%D8%A7%D9%84%D8%AA%D9%86%D9%8A%D9%86,إدوار الخراط,/wiki/%D8%A5%D8%AF%D9%88%D8%A7%D8%B1_%D8%AE%D8%B1%D8%A7%D8%B7,مصر,//upload.wikimedia.org/wikipedia/commons/thumb/f/fe/Flag_of_Egypt.svg/23px-Flag_of_Egypt.svg.png
8,9,حدث أبو هريرة قال,/wiki/%D8%AD%D8%AF%D8%AB_%D8%A3%D8%A8%D9%88_%D9%87%D8%B1%D9%8A%D8%B1%D8%A9_%D9%82%D8%A7%D9%84,محمود المسعدي,/wiki/%D9%85%D8%AD%D9%85%D9%88%D8%AF_%D8%A7%D9%84%D9%85%D8%B3%D8%B9%D8%AF%D9%8A,تونس,//upload.wikimedia.org/wikipedia/commons/thumb/c/ce/Flag_of_Tunisia.svg/23px-Flag_of_Tunisia.svg.png
9,10,كوابيس بيروت,/wiki/%D9%83%D9%88%D8%A7%D8%A8%D9%8A%D8%B3_%D8%A8%D9%8A%D8%B1%D9%88%D8%AA,غادة السمان,/wiki/%D8%BA%D8%A7%D8%AF%D8%A9_%D8%A7%D9%84%D8%B3%D9%85%D8%A7%D9%86,سوريا,//upload.wikimedia.org/wikipedia/commons/thumb/5/53/Flag_of_Syria.svg/23px-Flag_of_Syria.svg.png
10,11,المجوس,/wiki/%D8%A7%D9%84%D9%85%D8%AC%D9%88%D8%B3_(%D8%B1%D9%88%D8%A7%D9%8A%D8%A9),إبراهيم الكوني,/wiki/%D8%A5%D8%A8%D8%B1%D8%A7%D9%87%D9%8A%D9%85_%D8%A7%D9%84%D9%83%D9%88%D9%86%D9%8A,ليبيا,//upload.wikimedia.org/wikipedia/commons/thumb/0/05/Flag_of_Libya.svg/23px-Flag_of_Libya.svg.png
11,12,الوشم,/w/index.php?title=%D8%A7%D9%84%D9%88%D8%B4%D9%85_(%D8%B1%D9%88%D8%A7%D9%8A%D8%A9)&amp;action=edit&amp;redlink=1,عبد الرحمن مجيد الربيعي,/wiki/%D8%B9%D8%A8%D8%AF_%D8%A7%D9%84%D8%B1%D8%AD%D9%85%D9%86_%D9%85%D8%AC%D9%8A%D8%AF_%D8%A7%D9%84%D8%B1%D8%A8%D9%8A%D8%B9%D9%8A,العراق,//upload.wikimedia.org/wikipedia/commons/thumb/f/f6/Flag_of_Iraq.svg/23px-Flag_of_Iraq.svg.png
12,13,الرجع البعيد,/wiki/%D8%A7%D9%84%D8%B1%D8%AC%D8%B9_%D8%A7%D9%84%D8%A8%D8%B9%D9%8A%D8%AF_(%D8%B1%D9%88%D8%A7%D9%8A%D8%A9),فؤاد التكرلي,/wiki/%D9%81%D8%A4%D8%A7%D8%AF_%D8%A7%D9%84%D8%AA%D9%83%D8%B1%D9%84%D9%8A,العراق,//upload.wikimedia.org/wikipedia/commons/thumb/f/f6/Flag_of_Iraq.svg/23px-Flag_of_Iraq.svg.png
13,14,الشراع والعاصفة,/wiki/%D8%A7%D9%84%D8%B4%D8%B1%D8%A7%D8%B9_%D9%88%D8%A7%D9%84%D8%B9%D8%A7%D8%B5%D9%81%D8%A9_(%D8%B1%D9%88%D8%A7%D9%8A%D8%A9),حنا مينه,/wiki/%D8%AD%D9%86%D8%A7_%D9%85%D9%8A%D9%86%D9%87,سوريا,//upload.wikimedia.org/wikipedia/commons/thumb/5/53/Flag_of_Syria.svg/23px-Flag_of_Syria.svg.png
14,15,الزيني بركات,/wiki/%D8%A7%D9%84%D8%B2%D9%8A%D9%86%D9%8A_%D8%A8%D8%B1%D9%83%D8%A7%D8%AA_(%D8%AA%D9%88%D8%B6%D9%8A%D8%AD),جمال الغيطاني,/wiki/%D8%AC%D9%85%D8%A7%D9%84_%D8%A7%D9%84%D8%BA%D9%8A%D8%B7%D8%A7%D9%86%D9%8A,مصر,//upload.wikimedia.org/wikipedia/commons/thumb/f/fe/Flag_of_Egypt.svg/23px-Flag_of_Egypt.svg.png
15,16,ثلاثية 'سأهبك مدينة أخرى',/wiki/%D8%B3%D8%A3%D9%87%D8%A8%D9%83_%D9%85%D8%AF%D9%8A%D9%86%D8%A9_%D8%A3%D8%AE%D8%B1%D9%89_(%D8%B1%D9%88%D8%A7%D9%8A%D8%A9_%D8%AB%D9%84%D8%A7%D8%AB%D9%8A%D8%A9),أحمد إبراهيم الفقيه,/wiki/%D8%A3%D8%AD%D9%85%D8%AF_%D8%A5%D8%A8%D8%B1%D8%A7%D9%87%D9%8A%D9%85_%D8%A7%D9%84%D9%81%D9%82%D9%8A%D9%87,ليبيا,//upload.wikimedia.org/wikipedia/commons/thumb/0/05/Flag_of_Libya.svg/23px-Flag_of_Libya.svg.png
16,17,أنا أحيا,/wiki/%D8%A3%D9%86%D8%A7_%D8%A3%D8%AD%D9%8A%D8%A7,ليلى بعلبكي,/wiki/%D9%84%D9%8A%D9%84%D9%89_%D8%A8%D8%B9%D9%84%D8%A8%D9%83%D9%8A,لبنان,//upload.wikimedia.org/wikipedia/commons/thumb/5/59/Flag_of_Lebanon.svg/23px-Flag_of_Lebanon.svg.png
17,18,لا أحد ينام في الإسكندرية,/wiki/%D9%84%D8%A7_%D8%A3%D8%AD%D8%AF_%D9%8A%D9%86%D8%A7%D9%85_%D9%81%D9%8A_%D8%A7%D9%84%D8%A5%D8%B3%D9%83%D9%86%D8%AF%D8%B1%D9%8A%D8%A9,إبراهيم عبد المجيد,/wiki/%D8%A5%D8%A8%D8%B1%D8%A7%D9%87%D9%8A%D9%85_%D8%B9%D8%A8%D8%AF_%D8%A7%D9%84%D9%85%D8%AC%D9%8A%D8%AF,مصر,//upload.wikimedia.org/wikipedia/commons/thumb/f/fe/Flag_of_Egypt.svg/23px-Flag_of_Egypt.svg.png
18,19,الحب في المنفى,/wiki/%D8%A7%D9%84%D8%AD%D8%A8_%D9%81%D9%8A_%D8%A7%D9%84%D9%85%D9%86%D9%81%D9%89,بهاء طاهر,/wiki/%D8%A8%D9%87%D8%A7%D8%A1_%D8%B7%D8%A7%D9%87%D8%B1,مصر,//upload.wikimedia.org/wikipedia/commons/thumb/f/fe/Flag_of_Egypt.svg/23px-Flag_of_Egypt.svg.png
19,20,مدارات الشرق,/wiki/%D9%85%D8%AF%D8%A7%D8%B1%D8%A7%D8%AA_%D8%A7%D9%84%D8%B4%D8%B1%D9%82,نبيل سليمان,/wiki/%D9%86%D8%A8%D9%8A%D9%84_%D8%B3%D9%84%D9%8A%D9%85%D8%A7%D9%86,سوريا,//upload.wikimedia.org/wikipedia/commons/thumb/5/53/Flag_of_Syria.svg/23px-Flag_of_Syria.svg.png
20,21,الوباء,/wiki/%D8%A7%D9%84%D9%88%D8%A8%D8%A7%D8%A1_(%D8%B1%D9%88%D8%A7%D9%8A%D8%A9),هاني الراهب,/wiki/%D9%87%D8%A7%D9%86%D9%8A_%D8%A7%D9%84%D8%B1%D8%A7%D9%87%D8%A8,سوريا,//upload.wikimedia.org/wikipedia/commons/thumb/5/53/Flag_of_Syria.svg/23px-Flag_of_Syria.svg.png
21,22,الحرام,/wiki/%D8%A7%D9%84%D8%AD%D8%B1%D8%A7%D9%85_(%D8%B1%D9%88%D8%A7%D9%8A%D8%A9),يوسف ادريس,/wiki/%D9%8A%D9%88%D8%B3%D9%81_%D8%A5%D8%AF%D8%B1%D9%8A%D8%B3,مصر,//upload.wikimedia.org/wikipedia/commons/thumb/f/fe/Flag_of_Egypt.svg/23px-Flag_of_Egypt.svg.png
22,23,ليلة السنوات العشر,/wiki/%D9%84%D9%8A%D9%84%D8%A9_%D8%A7%D9%84%D8%B3%D9%86%D9%88%D8%A7%D8%AA_%D8%A7%D9%84%D8%B9%D8%B4%D8%B1,محمد صالح الجابري,/wiki/%D9%85%D8%AD%D9%85%D8%AF_%D8%A7%D9%84%D8%B5%D8%A7%D9%84%D8%AD_%D8%A7%D9%84%D8%AC%D8%A7%D8%A8%D8%B1%D9%8A,تونس,//upload.wikimedia.org/wikipedia/commons/thumb/c/ce/Flag_of_Tunisia.svg/23px-Flag_of_Tunisia.svg.png
23,24,موسم الهجرة إلى الشمال,/wiki/%D9%85%D9%88%D8%B3%D9%85_%D8%A7%D9%84%D9%87%D8%AC%D8%B1%D8%A9_%D8%A5%D9%84%D9%89_%D8%A7%D9%84%D8%B4%D9%85%D8%A7%D9%84,الطيب صالح,/wiki/%D8%A7%D9%84%D8%B7%D9%8A%D8%A8_%D8%B5%D8%A7%D9%84%D8%AD,السودان,//upload.wikimedia.org/wikipedia/commons/thumb/0/01/Flag_of_Sudan.svg/23px-Flag_of_Sudan.svg.png
24,25,ذاكرة الجسد,/wiki/%D8%B0%D8%A7%D9%83%D8%B1%D8%A9_%D8%A7%D9%84%D8%AC%D8%B3%D8%AF_(%D8%B1%D9%88%D8%A7%D9%8A%D8%A9),أحلام مستغانمي,/wiki/%D8%A3%D8%AD%D9%84%D8%A7%D9%85_%D9%85%D8%B3%D8%AA%D8%BA%D8%A7%D9%86%D9%85%D9%8A,الجزائر,//upload.wikimedia.org/wikipedia/commons/thumb/7/77/Flag_of_Algeria.svg/23px-Flag_of_Algeria.svg.png
25,26,الخبز الحافي,/wiki/%D8%A7%D9%84%D8%AE%D8%A8%D8%B2_%D8%A7%D9%84%D8%AD%D8%A7%D9%81%D9%8A,محمد شكري,/wiki/%D9%85%D8%AD%D9%85%D8%AF_%D8%B4%D9%83%D8%B1%D9%8A,المغرب,//upload.wikimedia.org/wikipedia/commons/thumb/2/2c/Flag_of_Morocco.svg/23px-Flag_of_Morocco.svg.png
26,27,تشريفة آل المر,/wiki/%D8%AA%D8%B4%D8%B1%D9%8A%D9%81%D8%A9_%D8%A2%D9%84_%D8%A7%D9%84%D9%85%D8%B1,عبد الكريم ناصيف,/wiki/%D8%B9%D8%A8%D8%AF_%D8%A7%D9%84%D9%83%D8%B1%D9%8A%D9%85_%D9%86%D8%A7%D8%B5%D9%8A%D9%81,سوريا,//upload.wikimedia.org/wikipedia/commons/thumb/5/53/Flag_of_Syria.svg/23px-Flag_of_Syria.svg.png
27,28,دار المتعة,/wiki/%D8%AF%D8%A7%D8%B1_%D8%A7%D9%84%D9%85%D8%AA%D8%B9%D8%A9_(%D8%B1%D9%88%D8%A7%D9%8A%D8%A9),وليد اخلاصي,/wiki/%D9%88%D9%84%D9%8A%D8%AF_%D8%A5%D8%AE%D9%84%D8%A7%D8%B5%D9%8A,سوريا,//upload.wikimedia.org/wikipedia/commons/thumb/5/53/Flag_of_Syria.svg/23px-Flag_of_Syria.svg.png
28,29,طواحين بيروت,/wiki/%D8%B7%D9%88%D8%A7%D8%AD%D9%8A%D9%86_%D8%A8%D9%8A%D8%B1%D9%88%D8%AA,توفيق يوسف عواد,/wiki/%D8%AA%D9%88%D9%81%D9%8A%D9%82_%D9%8A%D9%88%D8%B3%D9%81_%D8%B9%D9%88%D8%A7%D8%AF,لبنان,//upload.wikimedia.org/wikipedia/commons/thumb/5/59/Flag_of_Lebanon.svg/23px-Flag_of_Lebanon.svg.png
29,30,الأفيال,/wiki/%D8%A7%D9%84%D8%A3%D9%81%D9%8A%D8%A7%D9%84_(%D8%B1%D9%88%D8%A7%D9%8A%D8%A9),فتحي غانم,/wiki/%D9%81%D8%AA%D8%AD%D9%8A_%D8%BA%D8%A7%D9%86%D9%85,مصر,//upload.wikimedia.org/wikipedia/commons/thumb/f/fe/Flag_of_Egypt.svg/23px-Flag_of_Egypt.svg.png
30,31,نجران تحت الصفر,/wiki/%D9%86%D8%AC%D8%B1%D8%A7%D9%86_%D8%AA%D8%AD%D8%AA_%D8%A7%D9%84%D8%B5%D9%81%D8%B1,يحيي يخلف,/wiki/%D9%8A%D8%AD%D9%8A%D9%89_%D9%8A%D8%AE%D9%84%D9%81,فلسطين,//upload.wikimedia.org/wikipedia/commons/thumb/0/00/Flag_of_Palestine.svg/23px-Flag_of_Palestine.svg.png
31,32,العشاق,/wiki/%D8%A7%D9%84%D8%B9%D8%B4%D8%A7%D9%82_(%D8%B1%D9%88%D8%A7%D9%8A%D8%A9),رشاد أبو شاور,/wiki/%D8%B1%D8%B4%D8%A7%D8%AF_%D8%A3%D8%A8%D9%88_%D8%B4%D8%A7%D9%88%D8%B1,فلسطين,//upload.wikimedia.org/wikipedia/commons/thumb/0/00/Flag_of_Palestine.svg/23px-Flag_of_Palestine.svg.png
32,33,الاعتراف,/wiki/%D8%A7%D9%84%D8%A7%D8%B9%D8%AA%D8%B1%D8%A7%D9%81_(%D8%B1%D9%88%D8%A7%D9%8A%D8%A9),علي أبو الريش,/wiki/%D8%B9%D9%84%D9%8A_%D8%A3%D8%A8%D9%88_%D8%A7%D9%84%D8%B1%D9%8A%D8%B4,الإمارات العربية المتحدة,//upload.wikimedia.org/wikipedia/commons/thumb/c/cb/Flag_of_the_United_Arab_Emirates.svg/23px-Flag_of_the_United_Arab_Emirates.svg.png
33,34,النخلة والجيران,/wiki/%D8%A7%D9%84%D9%86%D8%AE%D9%84%D8%A9_%D9%88%D8%A7%D9%84%D8%AC%D9%8A%D8%B1%D8%A7%D9%86_(%D8%B1%D9%88%D8%A7%D9%8A%D8%A9),غائب طعمة فرمان,/wiki/%D8%BA%D8%A7%D8%A6%D8%A8_%D8%B7%D8%B9%D9%85%D8%A9_%D9%81%D8%B1%D9%85%D8%A7%D9%86,العراق,//upload.wikimedia.org/wikipedia/commons/thumb/f/f6/Flag_of_Iraq.svg/23px-Flag_of_Iraq.svg.png
34,35,العصفورية,/wiki/%D8%A7%D9%84%D8%B9%D8%B5%D9%81%D9%88%D8%B1%D9%8A%D8%A9_(%D8%B1%D9%88%D8%A7%D9%8A%D8%A9),غازي القصيبي,/wiki/%D8%BA%D8%A7%D8%B2%D9%8A_%D8%A7%D9%84%D9%82%D8%B5%D9%8A%D8%A8%D9%8A,السعودية,//upload.wikimedia.org/wikipedia/commons/thumb/0/0d/Flag_of_Saudi_Arabia.svg/23px-Flag_of_Saudi_Arabia.svg.png
35,36,قنديل أم هاشم,/wiki/%D9%82%D9%86%D8%AF%D9%8A%D9%84_%D8%A3%D9%85_%D9%87%D8%A7%D8%B4%D9%85_(%D8%B1%D9%88%D8%A7%D9%8A%D8%A9),يحيي حقي,/wiki/%D9%8A%D8%AD%D9%8A%D9%89_%D8%AD%D9%82%D9%8A,مصر,//upload.wikimedia.org/wikipedia/commons/thumb/f/fe/Flag_of_Egypt.svg/23px-Flag_of_Egypt.svg.png
36,37,العودة إلى المنفى,/wiki/%D8%A7%D9%84%D8%B9%D9%88%D8%AF%D8%A9_%D8%A5%D9%84%D9%89_%D8%A7%D9%84%D9%85%D9%86%D9%81%D9%89,أبو المعاطي أبو النجا,/wiki/%D8%A3%D8%A8%D9%88_%D8%A7%D9%84%D9%85%D8%B9%D8%A7%D8%B7%D9%8A_%D8%A3%D8%A8%D9%88_%D8%A7%D9%84%D9%86%D8%AC%D8%A7,مصر,//upload.wikimedia.org/wikipedia/commons/thumb/f/fe/Flag_of_Egypt.svg/23px-Flag_of_Egypt.svg.png
37,38,وكالة عطية,/wiki/%D9%88%D9%83%D8%A7%D9%84%D8%A9_%D8%B9%D8%B7%D9%8A%D8%A9_(%D8%B1%D9%88%D8%A7%D9%8A%D8%A9),خيري شلبي,/wiki/%D8%AE%D9%8A%D8%B1%D9%8A_%D8%B4%D9%84%D8%A8%D9%8A,مصر,//upload.wikimedia.org/wikipedia/commons/thumb/f/fe/Flag_of_Egypt.svg/23px-Flag_of_Egypt.svg.png
38,39,تماس,/wiki/%D8%AA%D9%85%D8%A7%D8%B3_(%D8%B1%D9%88%D8%A7%D9%8A%D8%A9),عروسية النالوتي,/wiki/%D8%B9%D8%B1%D9%88%D8%B3%D9%8A%D8%A9_%D8%A7%D9%84%D9%86%D8%A7%D9%84%D9%88%D8%AA%D9%8A,تونس,//upload.wikimedia.org/wikipedia/commons/thumb/c/ce/Flag_of_Tunisia.svg/23px-Flag_of_Tunisia.svg.png
39,40,سلطانة,/wiki/%D8%B3%D9%84%D8%B7%D8%A7%D9%86%D8%A9_(%D8%B1%D9%88%D8%A7%D9%8A%D8%A9),غالب هلسا,/wiki/%D8%BA%D8%A7%D9%84%D8%A8_%D9%87%D9%84%D8%B3%D8%A7,الأردن,//upload.wikimedia.org/wikipedia/commons/thumb/c/c0/Flag_of_Jordan.svg/23px-Flag_of_Jordan.svg.png
40,41,مالك الحزين,/wiki/%D9%85%D8%A7%D9%84%D9%83_%D8%A7%D9%84%D8%AD%D8%B2%D9%8A%D9%86_(%D8%B1%D9%88%D8%A7%D9%8A%D8%A9),إبراهيم أصلان,/wiki/%D8%A5%D8%A8%D8%B1%D8%A7%D9%87%D9%8A%D9%85_%D8%A3%D8%B5%D9%84%D8%A7%D9%86,مصر,//upload.wikimedia.org/wikipedia/commons/thumb/f/fe/Flag_of_Egypt.svg/23px-Flag_of_Egypt.svg.png
41,42,باب الشمس,/wiki/%D8%A8%D8%A7%D8%A8_%D8%A7%D9%84%D8%B4%D9%85%D8%B3_(%D8%B1%D9%88%D8%A7%D9%8A%D8%A9),إلياس خوري,/wiki/%D8%A5%D9%84%D9%8A%D8%A7%D8%B3_%D8%AE%D9%88%D8%B1%D9%8A,لبنان,//upload.wikimedia.org/wikipedia/commons/thumb/5/59/Flag_of_Lebanon.svg/23px-Flag_of_Lebanon.svg.png
42,43,الحي اللاتيني,/wiki/%D8%A7%D9%84%D8%AD%D9%8A_%D8%A7%D9%84%D9%84%D8%A7%D8%AA%D9%8A%D9%86%D9%8A_(%D8%B1%D9%88%D8%A7%D9%8A%D8%A9),سهيل ادريس,/wiki/%D8%B3%D9%87%D9%8A%D9%84_%D8%A5%D8%AF%D8%B1%D9%8A%D8%B3,لبنان,//upload.wikimedia.org/wikipedia/commons/thumb/5/59/Flag_of_Lebanon.svg/23px-Flag_of_Lebanon.svg.png
43,44,عودة الروح,/wiki/%D8%B9%D9%88%D8%AF%D8%A9_%D8%A7%D9%84%D8%B1%D9%88%D8%AD_(%D8%B1%D9%88%D8%A7%D9%8A%D8%A9),توفيق الحكيم,/wiki/%D8%AA%D9%88%D9%81%D9%8A%D9%82_%D8%A7%D9%84%D8%AD%D9%83%D9%8A%D9%85,مصر,//upload.wikimedia.org/wikipedia/commons/thumb/f/fe/Flag_of_Egypt.svg/23px-Flag_of_Egypt.svg.png
44,45,الرهينة,/wiki/%D8%A7%D9%84%D8%B1%D9%87%D9%8A%D9%86%D8%A9_(%D8%B1%D9%88%D8%A7%D9%8A%D8%A9),زيد مطيع دماج,/wiki/%D8%B2%D9%8A%D8%AF_%D9%85%D8%B7%D9%8A%D8%B9_%D8%AF%D9%85%D8%A7%D8%AC,اليمن,//upload.wikimedia.org/wikipedia/commons/thumb/8/89/Flag_of_Yemen.svg/23px-Flag_of_Yemen.svg.png
45,46,لعبة النسيان,/wiki/%D9%84%D8%B9%D8%A8%D8%A9_%D8%A7%D9%84%D9%86%D8%B3%D9%8A%D8%A7%D9%86,محمد برادة,/wiki/%D9%85%D8%AD%D9%85%D8%AF_%D8%A8%D8%B1%D8%A7%D8%AF%D8%A9,المغرب,//upload.wikimedia.org/wikipedia/commons/thumb/2/2c/Flag_of_Morocco.svg/23px-Flag_of_Morocco.svg.png
46,47,الريح الشتوية,/wiki/%D8%A7%D9%84%D8%B1%D9%8A%D8%AD_%D8%A7%D9%84%D8%B4%D8%AA%D9%88%D9%8A%D8%A9_(%D8%B1%D9%88%D8%A7%D9%8A%D8%A9),مبارك الربيع,/wiki/%D9%85%D8%A8%D8%A7%D8%B1%D9%83_%D8%B1%D8%A8%D9%8A%D8%B9,المغرب,//upload.wikimedia.org/wikipedia/commons/thumb/2/2c/Flag_of_Morocco.svg/23px-Flag_of_Morocco.svg.png
47,48,دار الباشا,/w/index.php?title=%D8%AF%D8%A7%D8%B1_%D8%A7%D9%84%D8%A8%D8%A7%D8%B4%D8%A7_(%D8%B1%D9%88%D8%A7%D9%8A%D8%A9)&amp;action=edit&amp;redlink=1,حسن نصر,/wiki/%D8%AD%D8%B3%D9%86_%D9%86%D8%B5%D8%B1,تونس,//upload.wikimedia.org/wikipedia/commons/thumb/c/ce/Flag_of_Tunisia.svg/23px-Flag_of_Tunisia.svg.png
48,49,مدينة الرياح,/w/index.php?title=%D9%85%D8%AF%D9%8A%D9%86%D8%A9_%D8%A7%D9%84%D8%B1%D9%8A%D8%A7%D8%AD_(%D8%B1%D9%88%D8%A7%D9%8A%D8%A9)&amp;action=edit&amp;redlink=1,موسى ولد ابنو,/wiki/%D9%85%D9%88%D8%B3%D9%89_%D9%88%D9%84%D8%AF_%D8%A7%D8%A8%D9%86%D9%88,موريتانيا,//upload.wikimedia.org/wikipedia/commons/thumb/4/43/Flag_of_Mauritania.svg/23px-Flag_of_Mauritania.svg.png
49,50,أبواب الروح السبعة,/w/index.php?title=%D8%A3%D8%A8%D9%88%D8%A7%D8%A8_%D8%A7%D9%84%D8%B1%D9%88%D8%AD_%D8%A7%D9%84%D8%B3%D8%A8%D8%B9%D8%A9&amp;action=edit&amp;redlink=1,أيوب الحجلي,/wiki/%D8%A3%D9%8A%D9%88%D8%A8_%D8%A7%D9%84%D8%AD%D8%AC%D9%84%D9%8A,سوريا,//upload.wikimedia.org/wikipedia/commons/thumb/5/53/Flag_of_Syria.svg/23px-Flag_of_Syria.svg.png
50,51,أيام الإنسان السبعة,/wiki/%D8%A3%D9%8A%D8%A7%D9%85_%D8%A7%D9%84%D8%A5%D9%86%D8%B3%D8%A7%D9%86_%D8%A7%D9%84%D8%B3%D8%A8%D8%B9%D8%A9_(%D8%B1%D9%88%D8%A7%D9%8A%D8%A9),عبد الحكيم قاسم,/wiki/%D8%B9%D8%A8%D8%AF_%D8%A7%D9%84%D8%AD%D9%83%D9%8A%D9%85_%D9%82%D8%A7%D8%B3%D9%85,مصر,//upload.wikimedia.org/wikipedia/commons/thumb/f/fe/Flag_of_Egypt.svg/23px-Flag_of_Egypt.svg.png
51,52,طائر الحوم,/w/index.php?title=%D8%B7%D8%A7%D8%A6%D8%B1_%D8%A7%D9%84%D8%AD%D9%88%D9%85_(%D8%B1%D9%88%D8%A7%D9%8A%D8%A9)&amp;action=edit&amp;redlink=1,حليم بركات,/wiki/%D8%AD%D9%84%D9%8A%D9%85_%D8%A8%D8%B1%D9%83%D8%A7%D8%AA,سوريا,//upload.wikimedia.org/wikipedia/commons/thumb/5/53/Flag_of_Syria.svg/23px-Flag_of_Syria.svg.png
52,53,حكاية زهرة,/w/index.php?title=%D8%AD%D9%83%D8%A7%D9%8A%D8%A9_%D8%B2%D9%87%D8%B1%D8%A9_(%D8%B1%D9%88%D8%A7%D9%8A%D8%A9)&amp;action=edit&amp;redlink=1,حنان الشيخ,/wiki/%D8%AD%D9%86%D8%A7%D9%86_%D8%A7%D9%84%D8%B4%D9%8A%D8%AE,لبنان,//upload.wikimedia.org/wikipedia/commons/thumb/5/59/Flag_of_Lebanon.svg/23px-Flag_of_Lebanon.svg.png
53,54,ريح الجنوب,/wiki/%D8%B1%D9%8A%D8%AD_%D8%A7%D9%84%D8%AC%D9%86%D9%88%D8%A8_(%D8%B1%D9%88%D8%A7%D9%8A%D8%A9),عبد الحميد بن هدوقة,/wiki/%D8%B9%D8%A8%D8%AF_%D8%A7%D9%84%D8%AD%D9%85%D9%8A%D8%AF_%D8%A8%D9%86_%D9%87%D8%AF%D9%88%D9%82%D8%A9,الجزائر,//upload.wikimedia.org/wikipedia/commons/thumb/7/77/Flag_of_Algeria.svg/23px-Flag_of_Algeria.svg.png
54,55,فردوس الجنون,/wiki/%D9%81%D8%B1%D8%AF%D9%88%D8%B3_%D8%A7%D9%84%D8%AC%D9%86%D9%88%D9%86_(%D8%B1%D9%88%D8%A7%D9%8A%D8%A9),أحمد يوسف داوود,/wiki/%D8%A3%D8%AD%D9%85%D8%AF_%D9%8A%D9%88%D8%B3%D9%81_%D8%AF%D8%A7%D9%88%D9%88%D8%AF,سوريا,//upload.wikimedia.org/wikipedia/commons/thumb/5/53/Flag_of_Syria.svg/23px-Flag_of_Syria.svg.png
55,56,وسمية تخرج من البحر,/w/index.php?title=%D9%88%D8%B3%D9%85%D9%8A%D8%A9_%D8%AA%D8%AE%D8%B1%D8%AC_%D9%85%D9%86_%D8%A7%D9%84%D8%A8%D8%AD%D8%B1_(%D8%B1%D9%88%D8%A7%D9%8A%D8%A9)&amp;action=edit&amp;redlink=1,ليلى العثمان,/wiki/%D9%84%D9%8A%D9%84%D9%89_%D8%A7%D9%84%D8%B9%D8%AB%D9%85%D8%A7%D9%86,الكويت,//upload.wikimedia.org/wikipedia/commons/thumb/a/aa/Flag_of_Kuwait.svg/23px-Flag_of_Kuwait.svg.png
56,57,اعترافات كاتم صوت,/wiki/%D8%A7%D8%B9%D8%AA%D8%B1%D8%A7%D9%81%D8%A7%D8%AA_%D9%83%D8%A7%D8%AA%D9%85_%D8%B5%D9%88%D8%AA_(%D8%B1%D9%88%D8%A7%D9%8A%D8%A9),مؤنس الرزاز,/wiki/%D9%85%D8%A4%D9%86%D8%B3_%D8%A7%D9%84%D8%B1%D8%B2%D8%A7%D8%B2,الأردن,//upload.wikimedia.org/wikipedia/commons/thumb/c/c0/Flag_of_Jordan.svg/23px-Flag_of_Jordan.svg.png
57,58,رباعية بحري,/w/index.php?title=%D8%B1%D8%A8%D8%A7%D8%B9%D9%8A%D8%A9_%D8%A8%D8%AD%D8%B1%D9%8A_(%D8%B1%D9%88%D8%A7%D9%8A%D8%A9)&amp;action=edit&amp;redlink=1,محمد جبريل,/wiki/%D9%85%D8%AD%D9%85%D8%AF_%D8%AC%D8%A8%D8%B1%D9%8A%D9%84_(%D8%AA%D9%88%D8%B6%D9%8A%D8%AD),مصر,//upload.wikimedia.org/wikipedia/commons/thumb/f/fe/Flag_of_Egypt.svg/23px-Flag_of_Egypt.svg.png
58,59,صنعاء مدينة مفتوحة,/w/index.php?title=%D8%B5%D9%86%D8%B9%D8%A7%D8%A1_%D9%85%D8%AF%D9%8A%D9%86%D8%A9_%D9%85%D9%81%D8%AA%D9%88%D8%AD%D8%A9_(%D8%B1%D9%88%D8%A7%D9%8A%D8%A9)&amp;action=edit&amp;redlink=1,محمد عبد الولي,/wiki/%D9%85%D8%AD%D9%85%D8%AF_%D8%B9%D8%A8%D8%AF_%D8%A7%D9%84%D9%88%D9%84%D9%8A,اليمن,//upload.wikimedia.org/wikipedia/commons/thumb/8/89/Flag_of_Yemen.svg/23px-Flag_of_Yemen.svg.png
59,60,ثلاثية غرناطة,/wiki/%D8%AB%D9%84%D8%A7%D8%AB%D9%8A%D8%A9_%D8%BA%D8%B1%D9%86%D8%A7%D8%B7%D8%A9,رضوى عاشور,/wiki/%D8%B1%D8%B6%D9%88%D9%89_%D8%B9%D8%A7%D8%B4%D9%88%D8%B1,مصر,//upload.wikimedia.org/wikipedia/commons/thumb/f/fe/Flag_of_Egypt.svg/23px-Flag_of_Egypt.svg.png
60,61,دعاء الكروان,/wiki/%D8%AF%D8%B9%D8%A7%D8%A1_%D8%A7%D9%84%D9%83%D8%B1%D9%88%D8%A7%D9%86_(%D8%B1%D9%88%D8%A7%D9%8A%D8%A9),طه حسين,/wiki/%D8%B7%D9%87_%D8%AD%D8%B3%D9%8A%D9%86,مصر,//upload.wikimedia.org/wikipedia/commons/thumb/f/fe/Flag_of_Egypt.svg/23px-Flag_of_Egypt.svg.png
61,62,فساد الامكنة,/w/index.php?title=%D9%81%D8%B3%D8%A7%D8%AF_%D8%A7%D9%84%D8%A7%D9%85%D9%83%D9%86%D8%A9_(%D8%B1%D9%88%D8%A7%D9%8A%D8%A9)&amp;action=edit&amp;redlink=1,صبري موسي,/wiki/%D8%B5%D8%A8%D8%B1%D9%8A_%D9%85%D9%88%D8%B3%D9%89,مصر,//upload.wikimedia.org/wikipedia/commons/thumb/f/fe/Flag_of_Egypt.svg/23px-Flag_of_Egypt.svg.png
62,63,السقا مات,/wiki/%D8%A7%D9%84%D8%B3%D9%82%D8%A7_%D9%85%D8%A7%D8%AA_(%D8%B1%D9%88%D8%A7%D9%8A%D8%A9),يوسف السباعي,/wiki/%D9%8A%D9%88%D8%B3%D9%81_%D8%A7%D9%84%D8%B3%D8%A8%D8%A7%D8%B9%D9%8A,مصر,//upload.wikimedia.org/wikipedia/commons/thumb/f/fe/Flag_of_Egypt.svg/23px-Flag_of_Egypt.svg.png
63,64,تغريبه بني حتحوت,/w/index.php?title=%D8%AA%D8%BA%D8%B1%D9%8A%D8%A8%D9%87_%D8%A8%D9%86%D9%8A_%D8%AD%D8%AA%D8%AD%D9%88%D8%AA_(%D8%B1%D9%88%D8%A7%D9%8A%D8%A9)&amp;action=edit&amp;redlink=1,مجيد طوبيا,/wiki/%D9%85%D8%AC%D9%8A%D8%AF_%D8%B7%D9%88%D8%A8%D9%8A%D8%A7,مصر,//upload.wikimedia.org/wikipedia/commons/thumb/f/fe/Flag_of_Egypt.svg/23px-Flag_of_Egypt.svg.png
64,65,بعد الغروب,/wiki/%D8%A8%D8%B9%D8%AF_%D8%A7%D9%84%D8%BA%D8%B1%D9%88%D8%A8_(%D9%83%D8%AA%D8%A7%D8%A8),محمد عبد الحليم عبد الله,/wiki/%D9%85%D8%AD%D9%85%D8%AF_%D8%B9%D8%A8%D8%AF_%D8%A7%D9%84%D8%AD%D9%84%D9%8A%D9%85_%D8%B9%D8%A8%D8%AF_%D8%A7%D9%84%D9%84%D9%87,مصر,//upload.wikimedia.org/wikipedia/commons/thumb/f/fe/Flag_of_Egypt.svg/23px-Flag_of_Egypt.svg.png
65,66,قلوب علي الاسلاك,/w/index.php?title=%D9%82%D9%84%D9%88%D8%A8_%D8%B9%D9%84%D9%8A_%D8%A7%D9%84%D8%A7%D8%B3%D9%84%D8%A7%D9%83_(%D8%B1%D9%88%D8%A7%D9%8A%D8%A9)&amp;action=edit&amp;redlink=1,عبد السلام العجيلي,/wiki/%D8%B9%D8%A8%D8%AF_%D8%A7%D9%84%D8%B3%D9%84%D8%A7%D9%85_%D8%A7%D9%84%D8%B9%D8%AC%D9%8A%D9%84%D9%8A,سوريا,//upload.wikimedia.org/wikipedia/commons/thumb/5/53/Flag_of_Syria.svg/23px-Flag_of_Syria.svg.png
66,67,عائشة,/wiki/%D8%B9%D8%A7%D8%A6%D8%B4%D8%A9_(%D8%B1%D9%88%D8%A7%D9%8A%D8%A9),البشير بن سلامة,/wiki/%D8%A7%D9%84%D8%A8%D8%B4%D9%8A%D8%B1_%D8%A8%D9%86_%D8%B3%D9%84%D8%A7%D9%85%D8%A9,تونس,//upload.wikimedia.org/wikipedia/commons/thumb/c/ce/Flag_of_Tunisia.svg/23px-Flag_of_Tunisia.svg.png
67,68,الظل والصدي,/wiki/%D8%A7%D9%84%D8%B8%D9%84_%D9%88%D8%A7%D9%84%D8%B5%D8%AF%D9%89_(%D8%B1%D9%88%D8%A7%D9%8A%D8%A9),يوسف حبشي الأشقر,/wiki/%D9%8A%D9%88%D8%B3%D9%81_%D8%AD%D8%A8%D8%B4%D9%8A_%D8%A7%D9%84%D8%A3%D8%B4%D9%82%D8%B1,لبنان,//upload.wikimedia.org/wikipedia/commons/thumb/5/59/Flag_of_Lebanon.svg/23px-Flag_of_Lebanon.svg.png
68,69,الدقلة في عراجينها,/wiki/%D8%A7%D9%84%D8%AF%D9%82%D9%84%D8%A9_%D9%81%D9%8A_%D8%B9%D8%B1%D8%A7%D8%AC%D9%8A%D9%86%D9%87%D8%A7_(%D8%B1%D9%88%D8%A7%D9%8A%D8%A9),بشير خريف,/wiki/%D8%A8%D8%B4%D9%8A%D8%B1_%D8%AE%D8%B1%D9%8A%D9%81,تونس,//upload.wikimedia.org/wikipedia/commons/thumb/c/ce/Flag_of_Tunisia.svg/23px-Flag_of_Tunisia.svg.png
69,70,النخاس,/wiki/%D8%A7%D9%84%D9%86%D8%AE%D8%A7%D8%B3_(%D9%83%D8%AA%D8%A7%D8%A8),صلاح الدين بوجاه,/wiki/%D8%B5%D9%84%D8%A7%D8%AD_%D8%A7%D9%84%D8%AF%D9%8A%D9%86_%D8%A8%D9%88%D8%AC%D8%A7%D9%87,تونس,//upload.wikimedia.org/wikipedia/commons/thumb/c/ce/Flag_of_Tunisia.svg/23px-Flag_of_Tunisia.svg.png
70,71,باب الساحة,/w/index.php?title=%D8%A8%D8%A7%D8%A8_%D8%A7%D9%84%D8%B3%D8%A7%D8%AD%D8%A9_(%D8%B1%D9%88%D8%A7%D9%8A%D8%A9)&amp;action=edit&amp;redlink=1,سحر خليفة,/wiki/%D8%B3%D8%AD%D8%B1_%D8%AE%D9%84%D9%8A%D9%81%D8%A9,فلسطين,//upload.wikimedia.org/wikipedia/commons/thumb/0/00/Flag_of_Palestine.svg/23px-Flag_of_Palestine.svg.png
71,72,سابع ايام الخلق,/w/index.php?title=%D8%B3%D8%A7%D8%A8%D8%B9_%D8%A7%D9%8A%D8%A7%D9%85_%D8%A7%D9%84%D8%AE%D9%84%D9%82_(%D8%B1%D9%88%D8%A7%D9%8A%D8%A9)&amp;action=edit&amp;redlink=1,عبد الخالق الركابي,/wiki/%D8%B9%D8%A8%D8%AF_%D8%A7%D9%84%D8%AE%D8%A7%D9%84%D9%82_%D8%A7%D9%84%D8%B1%D9%83%D8%A7%D8%A8%D9%8A,العراق,//upload.wikimedia.org/wikipedia/commons/thumb/f/f6/Flag_of_Iraq.svg/23px-Flag_of_Iraq.svg.png
72,73,شيء من الخوف,/w/index.php?title=%D8%B4%D9%8A%D8%A1_%D9%85%D9%86_%D8%A7%D9%84%D8%AE%D9%88%D9%81_(%D8%B1%D9%88%D8%A7%D9%8A%D8%A9)&amp;action=edit&amp;redlink=1,ثروت أباظة,/wiki/%D8%AB%D8%B1%D9%88%D8%AA_%D8%A3%D8%A8%D8%A7%D8%B8%D8%A9,مصر,//upload.wikimedia.org/wikipedia/commons/thumb/f/fe/Flag_of_Egypt.svg/23px-Flag_of_Egypt.svg.png
73,74,اللاز,/wiki/%D8%A7%D9%84%D9%84%D8%A7%D8%B2_(%D8%B1%D9%88%D8%A7%D9%8A%D8%A9),الطاهر وطار,/wiki/%D8%A7%D9%84%D8%B7%D8%A7%D9%87%D8%B1_%D9%88%D8%B7%D8%A7%D8%B1,الجزائر,//upload.wikimedia.org/wikipedia/commons/thumb/7/77/Flag_of_Algeria.svg/23px-Flag_of_Algeria.svg.png
74,75,المرأة والوردة,/w/index.php?title=%D8%A7%D9%84%D9%85%D8%B1%D8%A3%D8%A9_%D9%88%D8%A7%D9%84%D9%88%D8%B1%D8%AF%D8%A9_(%D8%B1%D9%88%D8%A7%D9%8A%D8%A9)&amp;action=edit&amp;redlink=1,محمد زفزاف,/wiki/%D9%85%D8%AD%D9%85%D8%AF_%D8%B2%D9%81%D8%B2%D8%A7%D9%81,المغرب,//upload.wikimedia.org/wikipedia/commons/thumb/2/2c/Flag_of_Morocco.svg/23px-Flag_of_Morocco.svg.png
75,76,ألف عام وعام من الحنين,/wiki/%D8%A3%D9%84%D9%81_%D8%B9%D8%A7%D9%85_%D9%88%D8%B9%D8%A7%D9%85_%D9%85%D9%86_%D8%A7%D9%84%D8%AD%D9%86%D9%8A%D9%86_(%D8%B1%D9%88%D8%A7%D9%8A%D8%A9),رشيد بوجدرة,/wiki/%D8%B1%D8%B4%D9%8A%D8%AF_%D8%A8%D9%88%D8%AC%D8%AF%D8%B1%D8%A9,الجزائر,//upload.wikimedia.org/wikipedia/commons/thumb/7/77/Flag_of_Algeria.svg/23px-Flag_of_Algeria.svg.png
76,77,القبر المجهول,/w/index.php?title=%D8%A7%D9%84%D9%82%D8%A8%D8%B1_%D8%A7%D9%84%D9%85%D8%AC%D9%87%D9%88%D9%84_(%D8%B1%D9%88%D8%A7%D9%8A%D8%A9)&amp;action=edit&amp;redlink=1,احمد بن عبد القادر,/wiki/%D8%A3%D8%AD%D9%85%D8%AF_%D8%A8%D9%86_%D8%B9%D8%A8%D8%AF_%D8%A7%D9%84%D9%82%D8%A7%D8%AF%D8%B1,موريتانيا,//upload.wikimedia.org/wikipedia/commons/thumb/4/43/Flag_of_Mauritania.svg/23px-Flag_of_Mauritania.svg.png
77,78,الاغتيال والغضب,/w/index.php?title=%D8%A7%D9%84%D8%A7%D8%BA%D8%AA%D9%8A%D8%A7%D9%84_%D9%88%D8%A7%D9%84%D8%BA%D8%B6%D8%A8_(%D8%B1%D9%88%D8%A7%D9%8A%D8%A9)&amp;action=edit&amp;redlink=1,موفق خضر,/wiki/%D9%85%D9%88%D9%81%D9%82_%D8%AE%D8%B6%D8%B1,العراق,//upload.wikimedia.org/wikipedia/commons/thumb/f/f6/Flag_of_Iraq.svg/23px-Flag_of_Iraq.svg.png
78,79,الدوامة,/w/index.php?title=%D8%A7%D9%84%D8%AF%D9%88%D8%A7%D9%85%D8%A9_(%D8%B1%D9%88%D8%A7%D9%8A%D8%A9)&amp;action=edit&amp;redlink=1,قمر كيلاني,/wiki/%D9%82%D9%85%D8%B1_%D9%83%D9%8A%D9%84%D8%A7%D9%86%D9%8A,سوريا,//upload.wikimedia.org/wikipedia/commons/thumb/5/53/Flag_of_Syria.svg/23px-Flag_of_Syria.svg.png
79,80,الحصار,/w/index.php?title=%D8%A7%D9%84%D8%AD%D8%B5%D8%A7%D8%B1_(%D8%B1%D9%88%D8%A7%D9%8A%D8%A9)&amp;action=edit&amp;redlink=1,فوزية رشيد,/wiki/%D9%81%D9%88%D8%B2%D9%8A%D8%A9_%D8%B1%D8%B4%D9%8A%D8%AF,البحرين,//upload.wikimedia.org/wikipedia/commons/thumb/2/2c/Flag_of_Bahrain.svg/23px-Flag_of_Bahrain.svg.png
80,81,في بيتنا رجل,/wiki/%D9%81%D9%8A_%D8%A8%D9%8A%D8%AA%D9%86%D8%A7_%D8%B1%D8%AC%D9%84_(%D8%B1%D9%88%D8%A7%D9%8A%D8%A9),احسان عبد القدوس,/wiki/%D8%A5%D8%AD%D8%B3%D8%A7%D9%86_%D8%B9%D8%A8%D8%AF_%D8%A7%D9%84%D9%82%D8%AF%D9%88%D8%B3,مصر,//upload.wikimedia.org/wikipedia/commons/thumb/f/fe/Flag_of_Egypt.svg/23px-Flag_of_Egypt.svg.png
81,82,رموز عصرية,/w/index.php?title=%D8%B1%D9%85%D9%88%D8%B2_%D8%B9%D8%B5%D8%B1%D9%8A%D8%A9_(%D8%B1%D9%88%D8%A7%D9%8A%D8%A9)&amp;action=edit&amp;redlink=1,خضير عبد الأمير,/wiki/%D8%AE%D8%B6%D9%8A%D8%B1_%D8%B9%D8%A8%D8%AF_%D8%A7%D9%84%D8%A3%D9%85%D9%8A%D8%B1,العراق,//upload.wikimedia.org/wikipedia/commons/thumb/f/f6/Flag_of_Iraq.svg/23px-Flag_of_Iraq.svg.png
82,83,ونصيبي من الافق,/w/index.php?title=%D9%88%D9%86%D8%B5%D9%8A%D8%A8%D9%8A_%D9%85%D9%86_%D8%A7%D9%84%D8%A7%D9%81%D9%82_(%D8%B1%D9%88%D8%A7%D9%8A%D8%A9)&amp;action=edit&amp;redlink=1,عبد القادر بن الشيخ,/wiki/%D8%B9%D8%A8%D8%AF_%D8%A7%D9%84%D9%82%D8%A7%D8%AF%D8%B1_%D8%A8%D9%86_%D8%A7%D9%84%D8%B4%D9%8A%D8%AE,تونس,//upload.wikimedia.org/wikipedia/commons/thumb/c/ce/Flag_of_Tunisia.svg/23px-Flag_of_Tunisia.svg.png
83,84,مجنون الحكم,/w/index.php?title=%D9%85%D8%AC%D9%86%D9%88%D9%86_%D8%A7%D9%84%D8%AD%D9%83%D9%85_(%D8%B1%D9%88%D8%A7%D9%8A%D8%A9)&amp;action=edit&amp;redlink=1,بنسالم حميش,/wiki/%D8%A8%D9%86%D8%B3%D8%A7%D9%84%D9%85_%D8%AD%D9%85%D9%8A%D8%B4,المغرب,//upload.wikimedia.org/wikipedia/commons/thumb/2/2c/Flag_of_Morocco.svg/23px-Flag_of_Morocco.svg.png
84,85,الخماسية,/w/index.php?title=%D8%A7%D9%84%D8%AE%D9%85%D8%A7%D8%B3%D9%8A%D8%A9_(%D8%B1%D9%88%D8%A7%D9%8A%D8%A9)&amp;action=edit&amp;redlink=1,إسماعيل فهد إسماعيل,/wiki/%D8%A5%D8%B3%D9%85%D8%A7%D8%B9%D9%8A%D9%84_%D9%81%D9%87%D8%AF_%D8%A5%D8%B3%D9%85%D8%A7%D8%B9%D9%8A%D9%84,الكويت,//upload.wikimedia.org/wikipedia/commons/thumb/a/aa/Flag_of_Kuwait.svg/23px-Flag_of_Kuwait.svg.png
85,86,أجنحة التيه,/w/index.php?title=%D8%A3%D8%AC%D9%86%D8%AD%D8%A9_%D8%A7%D9%84%D8%AA%D9%8A%D9%87_(%D8%B1%D9%88%D8%A7%D9%8A%D8%A9)&amp;action=edit&amp;redlink=1,جواد الصيداوي,/w/index.php?title=%D8%AC%D9%88%D8%A7%D8%AF_%D8%A7%D9%84%D8%B5%D9%8A%D8%AF%D8%A7%D9%88%D9%8A&amp;action=edit&amp;redlink=1,لبنان,//upload.wikimedia.org/wikipedia/commons/thumb/5/59/Flag_of_Lebanon.svg/23px-Flag_of_Lebanon.svg.png
86,87,ايام الرماد,/w/index.php?title=%D8%A7%D9%8A%D8%A7%D9%85_%D8%A7%D9%84%D8%B1%D9%85%D8%A7%D8%AF_(%D8%B1%D9%88%D8%A7%D9%8A%D8%A9)&amp;action=edit&amp;redlink=1,محمد عز الدين التازي,/wiki/%D9%85%D8%AD%D9%85%D8%AF_%D8%B9%D8%B2_%D8%A7%D9%84%D8%AF%D9%8A%D9%86_%D8%A7%D9%84%D8%AA%D8%A7%D8%B2%D9%8A,المغرب,//upload.wikimedia.org/wikipedia/commons/thumb/2/2c/Flag_of_Morocco.svg/23px-Flag_of_Morocco.svg.png
87,88,رأس بيروت,/w/index.php?title=%D8%B1%D8%A3%D8%B3_%D8%A8%D9%8A%D8%B1%D9%88%D8%AA_(%D8%B1%D9%88%D8%A7%D9%8A%D8%A9)&amp;action=edit&amp;redlink=1,ياسين رفاعية,/wiki/%D9%8A%D8%A7%D8%B3%D9%8A%D9%86_%D8%B1%D9%81%D8%A7%D8%B9%D9%8A%D8%A9,سوريا,//upload.wikimedia.org/wikipedia/commons/thumb/5/53/Flag_of_Syria.svg/23px-Flag_of_Syria.svg.png
88,89,عين الشمس,/wiki/%D8%B9%D9%8A%D9%86_%D8%A7%D9%84%D8%B4%D9%85%D8%B3_(%D8%B1%D9%88%D8%A7%D9%8A%D8%A9),خليفة حسين مصطفي,/w/index.php?title=%D8%AE%D9%84%D9%8A%D9%81%D8%A9_%D8%AD%D8%B3%D9%8A%D9%86_%D9%85%D8%B5%D8%B7%D9%81%D9%8A&amp;action=edit&amp;redlink=1,ليبيا,//upload.wikimedia.org/wikipedia/commons/thumb/0/05/Flag_of_Libya.svg/23px-Flag_of_Libya.svg.png
89,90,لونجه والغول,/w/index.php?title=%D9%84%D9%88%D9%86%D8%AC%D9%87_%D9%88%D8%A7%D9%84%D8%BA%D9%88%D9%84_(%D8%B1%D9%88%D8%A7%D9%8A%D8%A9)&amp;action=edit&amp;redlink=1,زهور ونيسي,/wiki/%D8%B2%D9%87%D9%88%D8%B1_%D9%88%D9%86%D9%8A%D8%B3%D9%8A,الجزائر,//upload.wikimedia.org/wikipedia/commons/thumb/7/77/Flag_of_Algeria.svg/23px-Flag_of_Algeria.svg.png
90,91,صخب البحيرة,/w/index.php?title=%D8%B5%D8%AE%D8%A8_%D8%A7%D9%84%D8%A8%D8%AD%D9%8A%D8%B1%D8%A9_(%D8%B1%D9%88%D8%A7%D9%8A%D8%A9)&amp;action=edit&amp;redlink=1,محمد البساطي,/wiki/%D9%85%D8%AD%D9%85%D8%AF_%D8%A7%D9%84%D8%A8%D8%B3%D8%A7%D8%B7%D9%8A,مصر,//upload.wikimedia.org/wikipedia/commons/thumb/f/fe/Flag_of_Egypt.svg/23px-Flag_of_Egypt.svg.png
91,92,السائرون نياما,/wiki/%D8%A7%D9%84%D8%B3%D8%A7%D8%A6%D8%B1%D9%88%D9%86_%D9%86%D9%8A%D8%A7%D9%85%D8%A7_(%D8%B1%D9%88%D8%A7%D9%8A%D8%A9),سعد مكاوي,/wiki/%D8%B3%D8%B9%D8%AF_%D9%85%D9%83%D8%A7%D9%88%D9%8A,مصر,//upload.wikimedia.org/wikipedia/commons/thumb/f/fe/Flag_of_Egypt.svg/23px-Flag_of_Egypt.svg.png
92,93,1952,/w/index.php?title=1952_(%D8%B1%D9%88%D8%A7%D9%8A%D8%A9)&amp;action=edit&amp;redlink=1,جميل عطية إبراهيم,/wiki/%D8%AC%D9%85%D9%8A%D9%84_%D8%B9%D8%B7%D9%8A%D8%A9_%D8%A5%D8%A8%D8%B1%D8%A7%D9%87%D9%8A%D9%85,مصر,//upload.wikimedia.org/wikipedia/commons/thumb/f/fe/Flag_of_Egypt.svg/23px-Flag_of_Egypt.svg.png
93,94,طيور أيلول,/w/index.php?title=%D8%B7%D9%8A%D9%88%D8%B1_%D8%A3%D9%8A%D9%84%D9%88%D9%84_(%D8%B1%D9%88%D8%A7%D9%8A%D8%A9)&amp;action=edit&amp;redlink=1,إميلي نصر الله,/wiki/%D8%A5%D9%85%D9%8A%D9%84%D9%8A_%D9%86%D8%B5%D8%B1_%D8%A7%D9%84%D9%84%D9%87,لبنان,//upload.wikimedia.org/wikipedia/commons/thumb/5/59/Flag_of_Lebanon.svg/23px-Flag_of_Lebanon.svg.png
94,95,المؤامرة,/w/index.php?title=%D8%A7%D9%84%D9%85%D8%A4%D8%A7%D9%85%D8%B1%D8%A9_(%D8%B1%D9%88%D8%A7%D9%8A%D8%A9)&amp;action=edit&amp;redlink=1,فرج الحوار,/wiki/%D9%81%D8%B1%D8%AC_%D8%A7%D9%84%D8%AD%D9%88%D8%A7%D8%B1,تونس,//upload.wikimedia.org/wikipedia/commons/thumb/c/ce/Flag_of_Tunisia.svg/23px-Flag_of_Tunisia.svg.png
95,96,المعلم علي,/w/index.php?title=%D8%A7%D9%84%D9%85%D8%B9%D9%84%D9%85_%D8%B9%D9%84%D9%8A_(%D8%B1%D9%88%D8%A7%D9%8A%D8%A9)&amp;action=edit&amp;redlink=1,عبد الكريم غلاب,/wiki/%D8%B9%D8%A8%D8%AF_%D8%A7%D9%84%D9%83%D8%B1%D9%8A%D9%85_%D8%BA%D9%84%D8%A7%D8%A8,المغرب,//upload.wikimedia.org/wikipedia/commons/thumb/2/2c/Flag_of_Morocco.svg/23px-Flag_of_Morocco.svg.png
96,97,قامات الزبد,/w/index.php?title=%D9%82%D8%A7%D9%85%D8%A7%D8%AA_%D8%A7%D9%84%D8%B2%D8%A8%D8%AF_(%D8%B1%D9%88%D8%A7%D9%8A%D8%A9)&amp;action=edit&amp;redlink=1,إلياس فركوح,/wiki/%D8%A5%D9%84%D9%8A%D8%A7%D8%B3_%D9%81%D8%B1%D9%83%D9%88%D8%AD,الأردن,//upload.wikimedia.org/wikipedia/commons/thumb/c/c0/Flag_of_Jordan.svg/23px-Flag_of_Jordan.svg.png
97,98,عصافير الفجر,/w/index.php?title=%D8%B9%D8%B5%D8%A7%D9%81%D9%8A%D8%B1_%D8%A7%D9%84%D9%81%D8%AC%D8%B1_(%D8%B1%D9%88%D8%A7%D9%8A%D8%A9)&amp;action=edit&amp;redlink=1,ليلى عسيران,/wiki/%D9%84%D9%8A%D9%84%D9%89_%D8%B9%D8%B3%D9%8A%D8%B1%D8%A7%D9%86,لبنان,//upload.wikimedia.org/wikipedia/commons/thumb/5/59/Flag_of_Lebanon.svg/23px-Flag_of_Lebanon.svg.png
98,99,جسر بنات يعقوب,/w/index.php?title=%D8%AC%D8%B3%D8%B1_%D8%A8%D9%86%D8%A7%D8%AA_%D9%8A%D8%B9%D9%82%D9%88%D8%A8_(%D8%B1%D9%88%D8%A7%D9%8A%D8%A9)&amp;action=edit&amp;redlink=1,حسن حميد,/wiki/%D8%AD%D8%B3%D9%86_%D8%AD%D9%85%D9%8A%D8%AF,فلسطين,//upload.wikimedia.org/wikipedia/commons/thumb/0/00/Flag_of_Palestine.svg/23px-Flag_of_Palestine.svg.png
99,100,الوسمية,/w/index.php?title=%D8%A7%D9%84%D9%88%D8%B3%D9%85%D9%8A%D8%A9_(%D8%B1%D9%88%D8%A7%D9%8A%D8%A9)&amp;action=edit&amp;redlink=1,عبد العزيز مشري,/wiki/%D8%B9%D8%A8%D8%AF_%D8%A7%D9%84%D8%B9%D8%B2%D9%8A%D8%B2_%D9%85%D8%B4%D8%B1%D9%8A,السعودية,//upload.wikimedia.org/wikipedia/commons/thumb/0/0d/Flag_of_Saudi_Arabia.svg/23px-Flag_of_Saudi_Arabia.svg.png
100,101,البشموري,/w/index.php?title=%D8%A7%D9%84%D8%A8%D8%B4%D9%85%D9%88%D8%B1%D9%8A_(%D8%B1%D9%88%D8%A7%D9%8A%D8%A9_)&amp;action=edit&amp;redlink=1,سلوى بكر,/wiki/%D8%B3%D9%84%D9%88%D9%89_%D8%A8%D9%83%D8%B1,مصر,//upload.wikimedia.org/wikipedia/commons/thumb/f/fe/Flag_of_Egypt.svg/23px-Flag_of_Egypt.svg.png
101,102,الفارس القتيل يترجل,/wiki/%D8%A7%D9%84%D9%81%D8%A7%D8%B1%D8%B3_%D8%A7%D9%84%D9%82%D8%AA%D9%8A%D9%84_%D9%8A%D8%AA%D8%B1%D8%AC%D9%84_(%D8%B1%D9%88%D8%A7%D9%8A%D8%A9),إلياس الديري,/wiki/%D8%A5%D9%84%D9%8A%D8%A7%D8%B3_%D8%A7%D9%84%D8%AF%D9%8A%D8%B1%D9%8A,لبنان,//upload.wikimedia.org/wikipedia/commons/thumb/5/59/Flag_of_Lebanon.svg/23px-Flag_of_Lebanon.svg.png
102,103,التوت المر,/wiki/%D8%A7%D9%84%D8%AA%D9%88%D8%AA_%D8%A7%D9%84%D9%85%D8%B1,محمد العروسي المطوي,/wiki/%D9%85%D8%AD%D9%85%D8%AF_%D8%A7%D9%84%D8%B9%D8%B1%D9%88%D8%B3%D9%8A_%D8%A7%D9%84%D9%85%D8%B7%D9%88%D9%8A,تونس,//upload.wikimedia.org/wikipedia/commons/thumb/c/ce/Flag_of_Tunisia.svg/23px-Flag_of_Tunisia.svg.png
103,104,أغنية الماء والنار,/wiki/%D8%A3%D8%BA%D9%86%D9%8A%D8%A9_%D8%A7%D9%84%D9%85%D8%A7%D8%A1_%D9%88%D8%A7%D9%84%D9%86%D8%A7%D8%B1_(%D8%B1%D9%88%D8%A7%D9%8A%D8%A9),عبد الله خليفة,/wiki/%D8%B9%D8%A8%D8%AF_%D8%A7%D9%84%D9%84%D9%87_%D8%AE%D9%84%D9%8A%D9%81%D8%A9,البحرين,//upload.wikimedia.org/wikipedia/commons/thumb/2/2c/Flag_of_Bahrain.svg/23px-Flag_of_Bahrain.svg.png
104,105,الباب المفتوح,/wiki/%D8%A7%D9%84%D8%A8%D8%A7%D8%A8_%D8%A7%D9%84%D9%85%D9%81%D8%AA%D9%88%D8%AD_(%D8%B1%D9%88%D8%A7%D9%8A%D8%A9),لطيفة الزيات,/wiki/%D9%84%D8%B7%D9%8A%D9%81%D8%A9_%D8%A7%D9%84%D8%B2%D9%8A%D8%A7%D8%AA,مصر,//upload.wikimedia.org/wikipedia/commons/thumb/f/fe/Flag_of_Egypt.svg/23px-Flag_of_Egypt.svg.png
105,106,مدن الملح (خماسية),/wiki/%D9%85%D8%AF%D9%86_%D8%A7%D9%84%D9%85%D9%84%D8%AD,عبد الرحمن منيف,/wiki/%D8%B9%D8%A8%D8%AF_%D8%A7%D9%84%D8%B1%D8%AD%D9%85%D9%86_%D8%A7%D9%84%D9%85%D9%86%D9%8A%D9%81,السعودية,//upload.wikimedia.org/wikipedia/commons/thumb/0/0d/Flag_of_Saudi_Arabia.svg/23px-Flag_of_Saudi_Arabia.svg.png
